Grid Size,Processes,Generations,Run,Execution Time (s),Average Time (s)
64x64,2,1000,1,1.59533,
64x64,2,1000,2,1.46383,
64x64,2,1000,3,1.43598,
64x64,2,1000,4,1.42049,
64x64,2,1000,5,1.42207,
64x64,2,1000,Average,,1.46754
64x64,4,1000,1,1.42594,
64x64,4,1000,2,1.40054,
64x64,4,1000,3,1.43312,
64x64,4,1000,4,1.42903,
64x64,4,1000,5,1.41853,
64x64,4,1000,Average,,1.42143
